year,mean(number_year)
2003,0.007655183890830422
2004,0.019475254037379784
2009,0.012444001991040319
2013,0.02036761053154496
2014,0.06659219924571419
2015,0.04786443863713181
2016,0.03408935413245758
2017,0.06059167055216762
2018,0.04128779289734294
2019,0.02799143431518224
2020,0.1328879092288791
2021,0.031914893617021274
2022,0.054073611328023324
