"","test","mean_mass","SD_mass"
"1","Control",2.55579401662654,1.99421331354046
"2","Treatment",2.96109501590739,2.87443172362242
